[{"model": "contenttypes.contenttype", "pk": 1, "fields": {"app_label": "admin", "model": "logentry"}}, {"model": "contenttypes.contenttype", "pk": 2, "fields": {"app_label": "auth", "model": "permission"}}, {"model": "contenttypes.contenttype", "pk": 3, "fields": {"app_label": "auth", "model": "group"}}, {"model": "contenttypes.contenttype", "pk": 4, "fields": {"app_label": "auth", "model": "user"}}, {"model": "contenttypes.contenttype", "pk": 5, "fields": {"app_label": "contenttypes", "model": "contenttype"}}, {"model": "contenttypes.contenttype", "pk": 6, "fields": {"app_label": "sessions", "model": "session"}}, {"model": "contenttypes.contenttype", "pk": 7, "fields": {"app_label": "taskmanager", "model": "project"}}, {"model": "contenttypes.contenttype", "pk": 8, "fields": {"app_label": "taskmanager", "model": "profil"}}, {"model": "contenttypes.contenttype", "pk": 9, "fields": {"app_label": "taskmanager", "model": "task"}}, {"model": "contenttypes.contenttype", "pk": 10, "fields": {"app_label": "taskmanager", "model": "status"}}, {"model": "contenttypes.contenttype", "pk": 11, "fields": {"app_label": "taskmanager", "model": "journal"}}, {"model": "sessions.session", "pk": "mm2kp8a5d6cfogugfcvlb2447b34rvj6", "fields": {"session_data": "NzM4NTVmYWU0MzlhODgyNDU4MDg4ODlkN2EzNTc4NTFkNGNjY2NlMTp7Il9hdXRoX3VzZXJfaWQiOiI0IiwiX2F1dGhfdXNlcl9iYWNrZW5kIjoiZGphbmdvLmNvbnRyaWIuYXV0aC5iYWNrZW5kcy5Nb2RlbEJhY2tlbmQiLCJfYXV0aF91c2VyX2hhc2giOiJmZjQxN2VjMWYwZTQyOTVjMTcyYzRhYjk3MjRhNmFmZWIxNjAxM2MwIn0=", "expire_date": "2020-05-20T20:11:05.576Z"}}, {"model": "sessions.session", "pk": "v4hv0eh5snodj77cp1167dnfjytl40zi", "fields": {"session_data": "NzM4NTVmYWU0MzlhODgyNDU4MDg4ODlkN2EzNTc4NTFkNGNjY2NlMTp7Il9hdXRoX3VzZXJfaWQiOiI0IiwiX2F1dGhfdXNlcl9iYWNrZW5kIjoiZGphbmdvLmNvbnRyaWIuYXV0aC5iYWNrZW5kcy5Nb2RlbEJhY2tlbmQiLCJfYXV0aF91c2VyX2hhc2giOiJmZjQxN2VjMWYwZTQyOTVjMTcyYzRhYjk3MjRhNmFmZWIxNjAxM2MwIn0=", "expire_date": "2020-05-21T08:48:33.407Z"}}, {"model": "taskmanager.status", "pk": 1, "fields": {"name": "Nouvelle"}}, {"model": "taskmanager.status", "pk": 2, "fields": {"name": "En cours"}}, {"model": "taskmanager.status", "pk": 3, "fields": {"name": "En attente"}}, {"model": "taskmanager.status", "pk": 4, "fields": {"name": "Termin\u00e9e"}}, {"model": "taskmanager.status", "pk": 5, "fields": {"name": "Class\u00e9e"}}, {"model": "auth.permission", "pk": 1, "fields": {"name": "Can add log entry", "content_type": 1, "codename": "add_logentry"}}, {"model": "auth.permission", "pk": 2, "fields": {"name": "Can change log entry", "content_type": 1, "codename": "change_logentry"}}, {"model": "auth.permission", "pk": 3, "fields": {"name": "Can delete log entry", "content_type": 1, "codename": "delete_logentry"}}, {"model": "auth.permission", "pk": 4, "fields": {"name": "Can view log entry", "content_type": 1, "codename": "view_logentry"}}, {"model": "auth.permission", "pk": 5, "fields": {"name": "Can add permission", "content_type": 2, "codename": "add_permission"}}, {"model": "auth.permission", "pk": 6, "fields": {"name": "Can change permission", "content_type": 2, "codename": "change_permission"}}, {"model": "auth.permission", "pk": 7, "fields": {"name": "Can delete permission", "content_type": 2, "codename": "delete_permission"}}, {"model": "auth.permission", "pk": 8, "fields": {"name": "Can view permission", "content_type": 2, "codename": "view_permission"}}, {"model": "auth.permission", "pk": 9, "fields": {"name": "Can add group", "content_type": 3, "codename": "add_group"}}, {"model": "auth.permission", "pk": 10, "fields": {"name": "Can change group", "content_type": 3, "codename": "change_group"}}, {"model": "auth.permission", "pk": 11, "fields": {"name": "Can delete group", "content_type": 3, "codename": "delete_group"}}, {"model": "auth.permission", "pk": 12, "fields": {"name": "Can view group", "content_type": 3, "codename": "view_group"}}, {"model": "auth.permission", "pk": 13, "fields": {"name": "Can add user", "content_type": 4, "codename": "add_user"}}, {"model": "auth.permission", "pk": 14, "fields": {"name": "Can change user", "content_type": 4, "codename": "change_user"}}, {"model": "auth.permission", "pk": 15, "fields": {"name": "Can delete user", "content_type": 4, "codename": "delete_user"}}, {"model": "auth.permission", "pk": 16, "fields": {"name": "Can view user", "content_type": 4, "codename": "view_user"}}, {"model": "auth.permission", "pk": 17, "fields": {"name": "Can add content type", "content_type": 5, "codename": "add_contenttype"}}, {"model": "auth.permission", "pk": 18, "fields": {"name": "Can change content type", "content_type": 5, "codename": "change_contenttype"}}, {"model": "auth.permission", "pk": 19, "fields": {"name": "Can delete content type", "content_type": 5, "codename": "delete_contenttype"}}, {"model": "auth.permission", "pk": 20, "fields": {"name": "Can view content type", "content_type": 5, "codename": "view_contenttype"}}, {"model": "auth.permission", "pk": 21, "fields": {"name": "Can add session", "content_type": 6, "codename": "add_session"}}, {"model": "auth.permission", "pk": 22, "fields": {"name": "Can change session", "content_type": 6, "codename": "change_session"}}, {"model": "auth.permission", "pk": 23, "fields": {"name": "Can delete session", "content_type": 6, "codename": "delete_session"}}, {"model": "auth.permission", "pk": 24, "fields": {"name": "Can view session", "content_type": 6, "codename": "view_session"}}, {"model": "auth.permission", "pk": 25, "fields": {"name": "Can add project", "content_type": 7, "codename": "add_project"}}, {"model": "auth.permission", "pk": 26, "fields": {"name": "Can change project", "content_type": 7, "codename": "change_project"}}, {"model": "auth.permission", "pk": 27, "fields": {"name": "Can delete project", "content_type": 7, "codename": "delete_project"}}, {"model": "auth.permission", "pk": 28, "fields": {"name": "Can view project", "content_type": 7, "codename": "view_project"}}, {"model": "auth.permission", "pk": 29, "fields": {"name": "Can add profil", "content_type": 8, "codename": "add_profil"}}, {"model": "auth.permission", "pk": 30, "fields": {"name": "Can change profil", "content_type": 8, "codename": "change_profil"}}, {"model": "auth.permission", "pk": 31, "fields": {"name": "Can delete profil", "content_type": 8, "codename": "delete_profil"}}, {"model": "auth.permission", "pk": 32, "fields": {"name": "Can view profil", "content_type": 8, "codename": "view_profil"}}, {"model": "auth.permission", "pk": 33, "fields": {"name": "Can add task", "content_type": 9, "codename": "add_task"}}, {"model": "auth.permission", "pk": 34, "fields": {"name": "Can change task", "content_type": 9, "codename": "change_task"}}, {"model": "auth.permission", "pk": 35, "fields": {"name": "Can delete task", "content_type": 9, "codename": "delete_task"}}, {"model": "auth.permission", "pk": 36, "fields": {"name": "Can view task", "content_type": 9, "codename": "view_task"}}, {"model": "auth.permission", "pk": 37, "fields": {"name": "Can add status", "content_type": 10, "codename": "add_status"}}, {"model": "auth.permission", "pk": 38, "fields": {"name": "Can change status", "content_type": 10, "codename": "change_status"}}, {"model": "auth.permission", "pk": 39, "fields": {"name": "Can delete status", "content_type": 10, "codename": "delete_status"}}, {"model": "auth.permission", "pk": 40, "fields": {"name": "Can view status", "content_type": 10, "codename": "view_status"}}, {"model": "auth.permission", "pk": 41, "fields": {"name": "Can add journal", "content_type": 11, "codename": "add_journal"}}, {"model": "auth.permission", "pk": 42, "fields": {"name": "Can change journal", "content_type": 11, "codename": "change_journal"}}, {"model": "auth.permission", "pk": 43, "fields": {"name": "Can delete journal", "content_type": 11, "codename": "delete_journal"}}, {"model": "auth.permission", "pk": 44, "fields": {"name": "Can view journal", "content_type": 11, "codename": "view_journal"}}, {"model": "auth.user", "pk": 1, "fields": {"password": "pbkdf2_sha256$120000$iRRjuB5jpbEI$njPYQVEMo6737ILPIKQ6d5waw/iWwdLguLw3zXRnrOQ=", "last_login": "2020-05-04T08:57:37.776Z", "is_superuser": true, "username": "maxence", "first_name": "", "last_name": "", "email": "maxenceheitz@gmail.com", "is_staff": true, "is_active": true, "date_joined": "2020-04-27T09:03:48.287Z", "groups": [], "user_permissions": []}}, {"model": "auth.user", "pk": 4, "fields": {"password": "pbkdf2_sha256$120000$jDrQfYEqdVtQ$pIyQa2H6d9J+3NQb32EaclYEYodR80Yf38bLiyLEEWw=", "last_login": "2020-05-07T08:48:33.403Z", "is_superuser": false, "username": "tata", "first_name": "Tata", "last_name": "Dupont", "email": "tata.dupont@mail.fr", "is_staff": false, "is_active": true, "date_joined": "2020-04-27T14:47:52Z", "groups": [], "user_permissions": [33, 34, 35, 36]}}, {"model": "taskmanager.project", "pk": 1, "fields": {"name": "projet_1", "members": [1, 4]}}, {"model": "taskmanager.project", "pk": 2, "fields": {"name": "Project 2", "members": [1, 4]}}, {"model": "taskmanager.project", "pk": 3, "fields": {"name": "Projet 3", "members": [1]}}, {"model": "taskmanager.task", "pk": 1, "fields": {"project": 1, "name": "t\u00e2che1", "description": "description de la t\u00e2che", "assignee": 4, "start_date": "2020-04-27", "due_date": "2020-05-19", "priority": 3, "status": 2, "progress": 0}}, {"model": "taskmanager.task", "pk": 5, "fields": {"project": 1, "name": "tache2", "description": "test  tache2", "assignee": 4, "start_date": "2020-04-25", "due_date": "2020-05-25", "priority": 3, "status": 1, "progress": 0}}, {"model": "taskmanager.task", "pk": 6, "fields": {"project": 1, "name": "tache 3", "description": "test tache 3", "assignee": 4, "start_date": "2020-08-25", "due_date": "2020-09-21", "priority": 4, "status": 3, "progress": 60}}, {"model": "taskmanager.task", "pk": 7, "fields": {"project": 1, "name": "tache 4", "description": "test tache 3", "assignee": 4, "start_date": "2020-08-25", "due_date": "2020-09-21", "priority": 4, "status": 3, "progress": 0}}, {"model": "taskmanager.task", "pk": 8, "fields": {"project": 1, "name": "tache 12", "description": "test tache 12", "assignee": 4, "start_date": "2020-08-25", "due_date": "2020-09-21", "priority": 4, "status": 3, "progress": 0}}, {"model": "taskmanager.task", "pk": 9, "fields": {"project": 1, "name": "tache 15", "description": "test tache 12", "assignee": 4, "start_date": "2020-08-25", "due_date": "2020-09-21", "priority": 4, "status": 3, "progress": 0}}, {"model": "taskmanager.task", "pk": 10, "fields": {"project": 1, "name": "tache 18", "description": "test tache 18", "assignee": 4, "start_date": "2020-08-25", "due_date": "2020-09-21", "priority": 4, "status": 3, "progress": 0}}, {"model": "taskmanager.task", "pk": 11, "fields": {"project": 1, "name": "Testbootstrap", "description": "Je test bootstrap", "assignee": 4, "start_date": "2020-04-23", "due_date": "2020-06-23", "priority": 0, "status": 4, "progress": 0}}, {"model": "taskmanager.task", "pk": 12, "fields": {"project": 1, "name": "valou updated 4", "description": "update tast", "assignee": 4, "start_date": "2020-04-23", "due_date": "2020-07-23", "priority": 0, "status": 4, "progress": 0}}, {"model": "taskmanager.task", "pk": 13, "fields": {"project": 1, "name": "Task alexis", "description": "une task pour alexis", "assignee": 4, "start_date": "2020-04-30", "due_date": "2020-05-01", "priority": 0, "status": 4, "progress": 0}}, {"model": "taskmanager.task", "pk": 14, "fields": {"project": 1, "name": "Tache marianne", "description": "salut", "assignee": 4, "start_date": "2020-04-30", "due_date": "2020-05-10", "priority": 0, "status": 4, "progress": 0}}, {"model": "taskmanager.task", "pk": 15, "fields": {"project": 2, "name": "Tache projet 2", "description": "je test", "assignee": 4, "start_date": "2020-05-04", "due_date": "2020-05-05", "priority": 5, "status": 2, "progress": 0}}, {"model": "taskmanager.task", "pk": 16, "fields": {"project": 2, "name": "Update : nom", "description": "update : description", "assignee": 4, "start_date": "2020-06-06", "due_date": "2020-07-07", "priority": 0, "status": 5, "progress": 0}}, {"model": "taskmanager.task", "pk": 17, "fields": {"project": 1, "name": "Test your task", "description": "test", "assignee": 1, "start_date": "2020-06-05", "due_date": "2020-06-05", "priority": 3, "status": 4, "progress": 66}}, {"model": "taskmanager.task", "pk": 18, "fields": {"project": 1, "name": "test", "description": "test", "assignee": 1, "start_date": "2020-05-04", "due_date": "2020-05-04", "priority": 50, "status": 2, "progress": 99}}, {"model": "taskmanager.journal", "pk": 1, "fields": {"date": null, "entry": "blabla entry", "author": 4, "task": 1}}, {"model": "taskmanager.journal", "pk": 2, "fields": {"date": null, "entry": "Test entry", "author": 4, "task": 11}}, {"model": "taskmanager.journal", "pk": 3, "fields": {"date": null, "entry": "Test entry", "author": 4, "task": 11}}, {"model": "taskmanager.journal", "pk": 4, "fields": {"date": null, "entry": "Test entry", "author": 4, "task": 11}}, {"model": "taskmanager.journal", "pk": 5, "fields": {"date": null, "entry": "entry number 2", "author": 4, "task": 11}}, {"model": "taskmanager.journal", "pk": 6, "fields": {"date": null, "entry": "early entry", "author": 4, "task": 11}}, {"model": "taskmanager.journal", "pk": 7, "fields": {"date": null, "entry": "Salut", "author": 4, "task": 10}}, {"model": "taskmanager.journal", "pk": 8, "fields": {"date": null, "entry": "Attention on ets en retard", "author": 4, "task": 13}}, {"model": "taskmanager.journal", "pk": 9, "fields": {"date": null, "entry": "Coucou je suis en retard sur ma tache", "author": 4, "task": 14}}, {"model": "taskmanager.journal", "pk": 10, "fields": {"date": "2020-05-04T08:36:08.572Z", "entry": "test", "author": 4, "task": 11}}, {"model": "taskmanager.journal", "pk": 11, "fields": {"date": "2020-05-04T08:38:43.147Z", "entry": "test autodate 2", "author": 4, "task": 11}}, {"model": "taskmanager.journal", "pk": 12, "fields": {"date": "2020-05-04T10:43:58.406Z", "entry": "test timezone", "author": 4, "task": 11}}, {"model": "taskmanager.journal", "pk": 13, "fields": {"date": "2020-05-04T11:06:31.179Z", "entry": "salut", "author": 4, "task": 15}}, {"model": "taskmanager.journal", "pk": 14, "fields": {"date": "2020-05-04T11:06:31.179Z", "entry": "salut", "author": 4, "task": 15}}, {"model": "taskmanager.journal", "pk": 15, "fields": {"date": "2020-05-04T11:06:31.179Z", "entry": "salut", "author": 4, "task": 15}}, {"model": "taskmanager.journal", "pk": 16, "fields": {"date": "2020-05-04T11:06:31.179Z", "entry": "save", "author": 4, "task": 15}}, {"model": "taskmanager.journal", "pk": 17, "fields": {"date": "2020-05-04T11:06:31.179Z", "entry": "test", "author": 4, "task": 15}}, {"model": "taskmanager.journal", "pk": 18, "fields": {"date": "2020-05-04T11:06:31.179Z", "entry": "doublons?", "author": 4, "task": 15}}, {"model": "taskmanager.journal", "pk": 19, "fields": {"date": "2020-05-04T11:06:31.179Z", "entry": "doublons?", "author": 4, "task": 15}}, {"model": "taskmanager.journal", "pk": 20, "fields": {"date": "2020-05-04T11:35:09.162Z", "entry": "je test encore", "author": 4, "task": 15}}, {"model": "taskmanager.journal", "pk": 21, "fields": {"date": "2020-05-04T11:35:09.162Z", "entry": "test", "author": 4, "task": 15}}, {"model": "taskmanager.journal", "pk": 22, "fields": {"date": "2020-05-04T11:38:46.844Z", "entry": "test", "author": 4, "task": 12}}, {"model": "taskmanager.journal", "pk": 23, "fields": {"date": "2020-05-04T17:43:36.569Z", "entry": "salut", "author": 4, "task": 16}}, {"model": "taskmanager.journal", "pk": 24, "fields": {"date": "2020-05-05T19:56:52.296Z", "entry": "test", "author": 4, "task": 11}}, {"model": "taskmanager.journal", "pk": 25, "fields": {"date": "2020-05-06T08:37:42.856Z", "entry": "test", "author": 4, "task": 12}}, {"model": "taskmanager.journal", "pk": 26, "fields": {"date": "2020-05-06T08:37:42.856Z", "entry": "Salut", "author": 4, "task": 11}}, {"model": "taskmanager.journal", "pk": 27, "fields": {"date": "2020-05-06T12:16:33.611Z", "entry": "test activity", "author": 4, "task": 12}}, {"model": "taskmanager.journal", "pk": 28, "fields": {"date": "2020-05-06T12:16:33.611Z", "entry": "test activity", "author": 1, "task": 17}}, {"model": "taskmanager.journal", "pk": 29, "fields": {"date": "2020-05-06T12:16:33.611Z", "entry": "test activity", "author": 1, "task": 17}}, {"model": "taskmanager.journal", "pk": 30, "fields": {"date": "2020-05-06T22:03:08.347Z", "entry": "salut", "author": 4, "task": 6}}, {"model": "admin.logentry", "pk": 1, "fields": {"action_time": "2020-04-27T09:05:34.791Z", "user": 1, "content_type": 4, "object_id": "2", "object_repr": "toto", "action_flag": 1, "change_message": "[{\"added\": {}}]"}}, {"model": "admin.logentry", "pk": 2, "fields": {"action_time": "2020-04-27T09:05:47.771Z", "user": 1, "content_type": 4, "object_id": "3", "object_repr": "tata", "action_flag": 1, "change_message": "[{\"added\": {}}]"}}, {"model": "admin.logentry", "pk": 3, "fields": {"action_time": "2020-04-27T09:07:06.899Z", "user": 1, "content_type": 4, "object_id": "3", "object_repr": "tata", "action_flag": 2, "change_message": "[{\"changed\": {\"fields\": [\"first_name\", \"last_name\", \"email\"]}}]"}}, {"model": "admin.logentry", "pk": 4, "fields": {"action_time": "2020-04-27T09:07:45.193Z", "user": 1, "content_type": 4, "object_id": "2", "object_repr": "toto", "action_flag": 2, "change_message": "[{\"changed\": {\"fields\": [\"first_name\", \"last_name\", \"email\"]}}]"}}, {"model": "admin.logentry", "pk": 5, "fields": {"action_time": "2020-04-27T12:04:08.021Z", "user": 1, "content_type": 7, "object_id": "1", "object_repr": "projet_1", "action_flag": 1, "change_message": "[{\"added\": {}}]"}}, {"model": "admin.logentry", "pk": 6, "fields": {"action_time": "2020-04-27T14:43:11.680Z", "user": 1, "content_type": 4, "object_id": "3", "object_repr": "tata", "action_flag": 3, "change_message": ""}}, {"model": "admin.logentry", "pk": 7, "fields": {"action_time": "2020-04-27T14:43:17.977Z", "user": 1, "content_type": 4, "object_id": "2", "object_repr": "toto", "action_flag": 3, "change_message": ""}}, {"model": "admin.logentry", "pk": 8, "fields": {"action_time": "2020-04-27T14:47:53.089Z", "user": 1, "content_type": 4, "object_id": "4", "object_repr": "tata", "action_flag": 1, "change_message": "[{\"added\": {}}]"}}, {"model": "admin.logentry", "pk": 9, "fields": {"action_time": "2020-04-27T14:48:01.608Z", "user": 1, "content_type": 4, "object_id": "4", "object_repr": "tata", "action_flag": 2, "change_message": "[{\"changed\": {\"fields\": [\"first_name\", \"last_name\"]}}]"}}, {"model": "admin.logentry", "pk": 10, "fields": {"action_time": "2020-04-27T14:50:23.441Z", "user": 1, "content_type": 8, "object_id": "1", "object_repr": "tata", "action_flag": 1, "change_message": "[{\"added\": {}}]"}}, {"model": "admin.logentry", "pk": 11, "fields": {"action_time": "2020-04-27T14:50:37.909Z", "user": 1, "content_type": 7, "object_id": "1", "object_repr": "projet_1", "action_flag": 2, "change_message": "[{\"changed\": {\"fields\": [\"members\"]}}]"}}, {"model": "admin.logentry", "pk": 12, "fields": {"action_time": "2020-04-27T16:21:04.912Z", "user": 1, "content_type": 4, "object_id": "4", "object_repr": "tata", "action_flag": 2, "change_message": "[{\"changed\": {\"fields\": [\"first_name\", \"last_name\", \"email\"]}}]"}}, {"model": "admin.logentry", "pk": 13, "fields": {"action_time": "2020-04-27T17:07:07.580Z", "user": 1, "content_type": 10, "object_id": "1", "object_repr": "Nouvelle", "action_flag": 1, "change_message": "[{\"added\": {}}]"}}, {"model": "admin.logentry", "pk": 14, "fields": {"action_time": "2020-04-27T17:07:11.583Z", "user": 1, "content_type": 10, "object_id": "2", "object_repr": "En cours", "action_flag": 1, "change_message": "[{\"added\": {}}]"}}, {"model": "admin.logentry", "pk": 15, "fields": {"action_time": "2020-04-27T17:07:16.393Z", "user": 1, "content_type": 10, "object_id": "3", "object_repr": "En attente", "action_flag": 1, "change_message": "[{\"added\": {}}]"}}, {"model": "admin.logentry", "pk": 16, "fields": {"action_time": "2020-04-27T17:07:24.752Z", "user": 1, "content_type": 10, "object_id": "4", "object_repr": "Termin\u00e9e", "action_flag": 1, "change_message": "[{\"added\": {}}]"}}, {"model": "admin.logentry", "pk": 17, "fields": {"action_time": "2020-04-27T17:07:28.345Z", "user": 1, "content_type": 10, "object_id": "5", "object_repr": "Class\u00e9e", "action_flag": 1, "change_message": "[{\"added\": {}}]"}}, {"model": "admin.logentry", "pk": 18, "fields": {"action_time": "2020-04-27T18:18:52.064Z", "user": 1, "content_type": 9, "object_id": "1", "object_repr": "t\u00e2che1", "action_flag": 1, "change_message": "[{\"added\": {}}]"}}, {"model": "admin.logentry", "pk": 19, "fields": {"action_time": "2020-04-27T18:18:57.577Z", "user": 1, "content_type": 9, "object_id": "1", "object_repr": "t\u00e2che1", "action_flag": 2, "change_message": "[]"}}, {"model": "admin.logentry", "pk": 20, "fields": {"action_time": "2020-04-27T18:28:11.488Z", "user": 1, "content_type": 4, "object_id": "4", "object_repr": "tata", "action_flag": 2, "change_message": "[{\"changed\": {\"fields\": [\"user_permissions\"]}}]"}}, {"model": "admin.logentry", "pk": 21, "fields": {"action_time": "2020-04-27T19:40:39.596Z", "user": 1, "content_type": 4, "object_id": "1", "object_repr": "maxence", "action_flag": 2, "change_message": "[{\"changed\": {\"fields\": [\"password\"]}}]"}}, {"model": "admin.logentry", "pk": 22, "fields": {"action_time": "2020-04-28T11:14:00.211Z", "user": 1, "content_type": 11, "object_id": "1", "object_repr": "blabla entry", "action_flag": 1, "change_message": "[{\"added\": {}}]"}}, {"model": "admin.logentry", "pk": 23, "fields": {"action_time": "2020-04-28T13:06:49.305Z", "user": 1, "content_type": 9, "object_id": "2", "object_repr": "tache 2", "action_flag": 3, "change_message": ""}}, {"model": "admin.logentry", "pk": 24, "fields": {"action_time": "2020-04-28T13:06:49.388Z", "user": 1, "content_type": 9, "object_id": "4", "object_repr": "tache4", "action_flag": 3, "change_message": ""}}, {"model": "admin.logentry", "pk": 25, "fields": {"action_time": "2020-04-28T13:06:49.472Z", "user": 1, "content_type": 9, "object_id": "3", "object_repr": "tache2", "action_flag": 3, "change_message": ""}}, {"model": "admin.logentry", "pk": 26, "fields": {"action_time": "2020-05-04T06:23:21.877Z", "user": 1, "content_type": 7, "object_id": "1", "object_repr": "projet_1", "action_flag": 2, "change_message": "[{\"changed\": {\"fields\": [\"members\"]}}]"}}, {"model": "admin.logentry", "pk": 27, "fields": {"action_time": "2020-05-04T07:15:27.151Z", "user": 1, "content_type": 7, "object_id": "2", "object_repr": "Project 2", "action_flag": 1, "change_message": "[{\"added\": {}}]"}}, {"model": "admin.logentry", "pk": 28, "fields": {"action_time": "2020-05-04T08:57:48.482Z", "user": 1, "content_type": 7, "object_id": "3", "object_repr": "Projet 3", "action_flag": 1, "change_message": "[{\"added\": {}}]"}}]